{"cameraMode":{"drawMode":0,"name":"Shaded","section":"Shading Mode"},"sceneLighting":false,"audioPlay":false,"sceneViewState":{"m_AlwaysRefresh":false,"showFog":true,"showSkybox":false,"showFlares":true,"showImageEffects":true,"showParticleSystems":true,"showVisualEffectGraphs":true,"m_FxEnabled":true},"in2DMode":false,"pivot":{"x":-0.006000693421810865,"y":0.80181485414505,"z":0.9431481957435608},"rotation":{"x":-0.0002833160397130996,"y":0.9968854188919067,"z":-0.07973134517669678,"w":-0.0030161680188030006},"size":2.713167905807495,"orthographic":false}