{"cameraMode":{"drawMode":0,"name":"Shaded","section":"Shading Mode"},"sceneLighting":true,"audioPlay":false,"sceneViewState":{"m_AlwaysRefresh":false,"showFog":true,"showSkybox":true,"showFlares":true,"showImageEffects":true,"showParticleSystems":true,"showVisualEffectGraphs":true,"m_FxEnabled":true},"in2DMode":false,"pivot":{"x":-0.39789247512817385,"y":0.6998797059059143,"z":-0.23253685235977174},"rotation":{"x":0.034772831946611407,"y":0.6930961012840271,"z":-0.03351645916700363,"w":0.7193341255187988},"size":2.713127374649048,"orthographic":false}