{"cameraMode":{"drawMode":0,"name":"Shaded","section":"Shading Mode"},"sceneLighting":true,"audioPlay":false,"sceneViewState":{"m_AlwaysRefresh":false,"showFog":true,"showSkybox":true,"showFlares":true,"showImageEffects":true,"showParticleSystems":true,"showVisualEffectGraphs":true,"m_FxEnabled":true},"in2DMode":false,"pivot":{"x":-4.545316696166992,"y":2.0854299068450929,"z":151.38088989257813},"rotation":{"x":-0.0015531560638919473,"y":-0.5175461769104004,"z":0.0009325565188191831,"w":-0.8557642102241516},"size":2.713167905807495,"orthographic":false}