{"cameraMode":{"drawMode":0,"name":"Shaded","section":"Shading Mode"},"sceneLighting":true,"audioPlay":false,"sceneViewState":{"m_AlwaysRefresh":false,"showFog":true,"showSkybox":true,"showFlares":true,"showImageEffects":true,"showParticleSystems":true,"showVisualEffectGraphs":true,"m_FxEnabled":true},"in2DMode":false,"pivot":{"x":13.059735298156739,"y":-0.46891310811042788,"z":77.59693145751953},"rotation":{"x":-0.0348910391330719,"y":-0.6366077661514282,"z":0.02888522483408451,"w":-0.7699072957038879},"size":12.759822845458985,"orthographic":false}