{"cameraMode":{"drawMode":0,"name":"Shaded","section":"Shading Mode"},"sceneLighting":true,"audioPlay":false,"sceneViewState":{"m_AlwaysRefresh":false,"showFog":true,"showSkybox":true,"showFlares":true,"showImageEffects":true,"showParticleSystems":true,"showVisualEffectGraphs":true,"m_FxEnabled":true},"in2DMode":false,"pivot":{"x":2.3218789100646974,"y":-0.08061020821332932,"z":0.22101186215877534},"rotation":{"x":0.08199369162321091,"y":0.6999110579490662,"z":-0.08143419772386551,"w":0.704932451248169},"size":2.713127374649048,"orthographic":false}